id,name,rate,link
1,黃金海岸活蝦之家 (新北新莊店),5月5日,https://www.foodpanda.com.tw/restaurant/f4ic/f4ic
2,茶之鄉,4.7/5,https://www.foodpanda.com.tw/restaurant/b4kv/cha-zhi-xiang
3,酒桶熱炒海鮮餐廳,4.6/5,https://www.foodpanda.com.tw/restaurant/f8ub/f8ub
4,三顧茅廬,4.6/5,https://www.foodpanda.com.tw/chain/cn3xg/san-gu-mao-lu
5,089G排殿,4.6/5,https://www.foodpanda.com.tw/restaurant/f0aq/089g
6,吉野家 Yoshinoya,4.6/5,https://www.foodpanda.com.tw/chain/cx7kf/ji-ye-jia-yoshinoya
7,台西蚵仔麵線,4.5/5,https://www.foodpanda.com.tw/restaurant/e9ir/tai-xi-he-zi-mian-xian
8,酒桶丼飯,4.5/5,https://www.foodpanda.com.tw/chain/cj2bp/jiu-tong-jing-fan
9,八方雲集,4.5/5,https://www.foodpanda.com.tw/chain/cf2ih/ba-fang-yun-ji
10,魚見?燒,4.5/5,https://www.foodpanda.com.tw/chain/cg2gw/yu-jian-bang-shao
11,阿嘉師 嘉義雞肉飯。涼麵,4.5/5,https://www.foodpanda.com.tw/restaurant/f1il/f1il
12,絕代雙椒麻辣滷味,4.5/5,https://www.foodpanda.com.tw/restaurant/f3kn/f3kn
13,鍋台銘 (新莊中港店),4.5/5,https://www.foodpanda.com.tw/restaurant/e6ru/guo-tai-ming-xin-zhuang-zhong-gang-dian
14,兩宜食坊,4.4/5,https://www.foodpanda.com.tw/restaurant/f1ob/f1ob
15,陳記香菇肉粥,4.4/5,https://www.foodpanda.com.tw/restaurant/f5dv/f5dv
16,豪味滷肉飯,4.4/5,https://www.foodpanda.com.tw/restaurant/d9rw/hao-wei-lu-rou-fan
17,食在幸福,4.4/5,https://www.foodpanda.com.tw/restaurant/f8fx/f8fx
18,久代日本料理,4.2/5,https://www.foodpanda.com.tw/restaurant/f3jr/f3jr
19,豆品道石頭火鍋,4.1/5,https://www.foodpanda.com.tw/restaurant/f5ya/f5ya
20,老么牛肉麵 (新莊西盛店),4.1/5,https://www.foodpanda.com.tw/restaurant/d4pt/lao-yao-niu-rou-mian-xin-zhuang-xi-sheng-dian
21,生炒羊肉 (泰山店),4.1/5,https://www.foodpanda.com.tw/restaurant/f9wl/f9wl
22,雞湯面線 ,4.1/5,https://www.foodpanda.com.tw/chain/cp5rj/ji-tang-mian-xian
23,高地PUB,4.8/5,https://www.foodpanda.com.tw/restaurant/d1qy/pub
24,日船章魚小丸子（新莊廟街店）,4.8/5,https://www.foodpanda.com.tw/restaurant/a6wv/ri-chuan-can-yin
25,斗六當歸鴨 (新莊福壽店),4.8/5,https://www.foodpanda.com.tw/restaurant/b6ow/dou-liu-dang-gui-ya-xin-zhuang-fu-shou-dian
26,九龍塘廣東粥,4.8/5,https://www.foodpanda.com.tw/restaurant/a0tb/jiu-long-tang-guang-dong-zhou
27,85度C,4.8/5,https://www.foodpanda.com.tw/chain/co3xj/85du-c-zhong-nan-bu
28,麗媽四季鍋 (新北泰林店),4.8/5,https://www.foodpanda.com.tw/restaurant/a4le/li-ma-si-ji-guo-xin-bei-tai-lin-dian
29,永和豆漿 (新莊中和店),4.8/5,https://www.foodpanda.com.tw/restaurant/b4zl/yong-he-dou-jiang-xin-zhuang-zhong-he-dian
30,豆漾 (新莊富國店),4.8/5,https://www.foodpanda.com.tw/restaurant/b9wo/dou-yang-xin-zhuang-fu-guo-dian
31,摩斯漢堡,4.8/5,https://www.foodpanda.com.tw/chain/ca4mx/mo-si-han-bao
32,新莊冰鎮 (新莊建中店),4月5日,https://www.foodpanda.com.tw/restaurant/f0zu/f0zu
33,冰豆綠豆沙 (板橋南雅店),4月5日,https://www.foodpanda.com.tw/restaurant/f4rs/f4rs
34,胖老爹美式炸雞 (新莊中華店),4.7/5,https://www.foodpanda.com.tw/restaurant/y0hj/pang-lao-die-mei-shi-zha-ji-xin-zhuang-zhong-hua-dian
35,呷胖,4.7/5,https://www.foodpanda.com.tw/restaurant/z2zf/xia-pang
36,秋元關東煮,4.7/5,https://www.foodpanda.com.tw/restaurant/y7dt/qiu-yuan-guan-dong-zhu
37,棒棒熱狗,4.7/5,https://www.foodpanda.com.tw/restaurant/a2yb/bang-bang-re-gou
38,鮮豆綠豆沙,4.7/5,https://www.foodpanda.com.tw/chain/cr4ll/xian-dou-lu-dou-sha
39,品江冷滷味,4.7/5,https://www.foodpanda.com.tw/restaurant/d7ix/pin-jiang-leng-lu-wei
40,源社子廣東粥 (中平店),4.7/5,https://www.foodpanda.com.tw/restaurant/a7ol/yuan-she-zi-guang-dong-zhou
41,粥師傅 (板橋裕民店),4.7/5,https://www.foodpanda.com.tw/restaurant/f9mb/f9mb
42,新莊碳烤,4.7/5,https://www.foodpanda.com.tw/restaurant/d1bo/xin-zhuang-tan-kao
43,廖添丁香川麻辣燙 (新北板橋店),4.7/5,https://www.foodpanda.com.tw/restaurant/a0sa/liao-tian-ding-xiang-chuan-ma-la-tang-xin-bei-ban-qiao-dian
44,小上海香酥雞 (新莊福壽店),4.7/5,https://www.foodpanda.com.tw/restaurant/a8gg/xiao-shang-hai-xiang-su-ji-xin-zhuang-fu-shou-dian
45,巧味現烤烘焙,4.7/5,https://www.foodpanda.com.tw/restaurant/b2sk/qiao-wei-xian-kao-hong-bei
46,McD 麥當勞  POS Integrations,4.7/5,https://www.foodpanda.com.tw/chain/co4jt/mcd-mai-dang-lao-pos-inter
47,豆花伯,4.7/5,https://www.foodpanda.com.tw/restaurant/d9ay/dou-hua-bo
48,??家 Sukiya,4.7/5,https://www.foodpanda.com.tw/chain/ck3pb/sukiya
49,戰鬥雞,4.7/5,https://www.foodpanda.com.tw/chain/cl1lq/zhan-dou-ji
50,皇財燒仙草,4.7/5,https://www.foodpanda.com.tw/restaurant/b2eq/huang-cai-shao-xian-cao
51,???鬆餅的戀曲,4.7/5,https://www.foodpanda.com.tw/restaurant/d9te/song-bing-de-lian-qu
52,9478炸G,4.7/5,https://www.foodpanda.com.tw/restaurant/d3eb/9478-g
53,鬍鬚張,4.7/5,https://www.foodpanda.com.tw/chain/cg1gy/hu-xu-zhang
54,香建沙威瑪,4.7/5,https://www.foodpanda.com.tw/restaurant/y4rs/xiang-jian-sha-wei-ma
55,麥當勞 【無pos、分時段】,4.7/5,https://www.foodpanda.com.tw/chain/cp2yn/mai-dang-lao
56,胖老爹美式炸雞 (新莊廟街店),4.7/5,https://www.foodpanda.com.tw/restaurant/y8qe/pang-lao-die-mei-shi-zha-ji-xin-zhuang-miao-jie-dian
57,桶神現滷滷味 (新莊西盛店),4.7/5,https://www.foodpanda.com.tw/restaurant/a5vp/tong-shen-xian-lu-lu-wei-xin-bei-xin-zhuang-xi-sheng-dian
58,胖老爹美式炸雞 (新莊中港店),4.7/5,https://www.foodpanda.com.tw/restaurant/z7ss/pang-lao-die-mei-shi-zha-ji-xin-zhuang-zhong-gang-dian
59,3Q脆皮雞排,4.7/5,https://www.foodpanda.com.tw/chain/cy1rd/3qcui-pi-ji-pai
60,烤匠,4.7/5,https://www.foodpanda.com.tw/chain/cl2kp/kao-jiang
61,曲肯叔叔美式炸雞,4.7/5,https://www.foodpanda.com.tw/chain/ci8ay/qu-ken-shu-shu-mei-shi-zha-ji
62,斗六當歸鴨 (新莊四維店),4.7/5,https://www.foodpanda.com.tw/restaurant/b3xl/dou-liu-dang-gui-ya-xin-zhuang-si-wei-dian
63,魔王狂爆雞排 (泰山明志店),4.7/5,https://www.foodpanda.com.tw/restaurant/d2hf/mo-wang-kuang-bao-ji-pai-tai-shan-ming-zhi-dian
64,鴨香煲 (新莊龍安店),4.7/5,https://www.foodpanda.com.tw/restaurant/d3yp/ya-xiang-bao-xin-zhuang-long-an-dian
65,Winggy Winggy,4.7/5,https://www.foodpanda.com.tw/chain/cy3ih/winggy-winggy
66,松好港式脆皮臭豆腐,4.7/5,https://www.foodpanda.com.tw/restaurant/z6kf/song-hao-gang-shi-cui-pi-chou-dou-fu
67,昌平炸雞王,4.7/5,https://www.foodpanda.com.tw/chain/ca1zt/chang-ping-zha-ji-wang
68,好爸爸鐵板燒便當,4.7/5,https://www.foodpanda.com.tw/restaurant/a7pm/hao-ba-ba-tie-ban-shao-bian-dang
69,武侍麻辣鍋,4.7/5,https://www.foodpanda.com.tw/chain/cy6jj/wu-shi-ma-la-guo
70,精美早餐,4.7/5,https://www.foodpanda.com.tw/restaurant/e6cr/jing-mei-zao-can
71,惡魔骰子牛,4.7/5,https://www.foodpanda.com.tw/restaurant/z6oe/e-mo-tou-zi-niu
72,呷霸牛肉麵,4.7/5,https://www.foodpanda.com.tw/restaurant/b4hx/xia-ba-niu-rou-mian
73,胖老爹美式炸雞 (板橋江翠店),4.7/5,https://www.foodpanda.com.tw/restaurant/y9wq/pang-lao-die-mei-shi-zha-ji-ban-qiao-jiang-cui-dian
74,5味臭臭鍋 (板橋華興店),4.7/5,https://www.foodpanda.com.tw/restaurant/b4xr/5-6
75,欲罷不能鹽水雞 (新北新莊富國店),4.7/5,https://www.foodpanda.com.tw/restaurant/z6wu/yu-ba-bu-neng-yan-shui-ji-xin-bei-xin-zhuang-fu-guo-dian
76,胖老爹美式炸雞 (板橋合宜店),4.7/5,https://www.foodpanda.com.tw/restaurant/y2dz/pang-lao-die-mei-shi-zha-ji-ban-qiao-he-yi-dian
77,陳寬臭臭鍋,4.6/5,https://www.foodpanda.com.tw/restaurant/d5ya/chen-kuan-chou-chou-guo
78,台南擔仔麵,4.6/5,https://www.foodpanda.com.tw/restaurant/y2qe/tai-nan-dan-zi-mian
79,健康滷味 (新莊中和店),4.6/5,https://www.foodpanda.com.tw/restaurant/e5sd/jian-kang-lu-wei-xin-zhuang-zhong-he-dian
80,阿宏＆阿麗湯包排骨酥,4.6/5,https://www.foodpanda.com.tw/restaurant/z4kb/a-hong-a-li-tang-bao-pai-gu-su
81,炸雞坊,4.6/5,https://www.foodpanda.com.tw/restaurant/b1fy/zha-ji-fang
82,現煮燒仙草&好了啦超大杯紅茶冰,4.6/5,https://www.foodpanda.com.tw/restaurant/b5jz/xian-zhu-shao-xian-cao-xin-bei-fu-guo-dian
83,甘丹炸物專賣店,4.6/5,https://www.foodpanda.com.tw/restaurant/f4hg/743
84,烽生水起炸雞飲品,4.6/5,https://www.foodpanda.com.tw/restaurant/a4uc/feng-sheng-shui-qi-zha-ji-yin-pin
85,馬力碳烤雞排,4.6/5,https://www.foodpanda.com.tw/restaurant/y8tq/ma-li-tan-kao-ji-pai
86,桶一天下 (新莊四維店),4.6/5,https://www.foodpanda.com.tw/restaurant/y1sm/tong-yi-tian-xia-xin-zhuang-si-wei-dian
87,阿霞臭豆腐麵線,4.6/5,https://www.foodpanda.com.tw/restaurant/a3yc/a-xia-chou-dou-fu-mian-xian
88,柒串燒屋,4.6/5,https://www.foodpanda.com.tw/chain/cy2ye/qi-chuan-shao-wu
89,鏊屋串燒·壽司·酒場,4.6/5,https://www.foodpanda.com.tw/chain/co1oj/ao-wu-chuan-shao-shou-si-jiu-chang
90,丸輪食堂,4.6/5,https://www.foodpanda.com.tw/restaurant/a7zg/wan-lun-shi-tang
91,正士林藥燉排骨,4.6/5,https://www.foodpanda.com.tw/restaurant/a2ew/zheng-shi-lin-yao-dun-pai-gu
92,三媽臭臭鍋 (新北明志店),4.6/5,https://www.foodpanda.com.tw/restaurant/a9kx/san-ma-chou-chou-guo-xin-bei-tai-shan-dian
93,夜宵好食館,4.6/5,https://www.foodpanda.com.tw/restaurant/z5xf/ye-xiao-hao-shi-guan
94,大發炒羊肉,4.6/5,https://www.foodpanda.com.tw/restaurant/a5ve/da-fa-chao-yang-rou
95,泰佶鼎現滷滷味,4.6/5,https://www.foodpanda.com.tw/restaurant/b5wq/tai-ji-ding-xian-lu-lu-wei
96,Mr. 戴雞排 (新北新莊店),4.6/5,https://www.foodpanda.com.tw/restaurant/a8ae/mr-17
97,宵夜許涼麵小吃,4.6/5,https://www.foodpanda.com.tw/restaurant/y0ce/xiao-ye-xu-liang-mian-xiao-chi
98,蕙媽小火鍋,4.6/5,https://www.foodpanda.com.tw/restaurant/y7ty/hui-ma-xiao-huo-guo
99,KFC 肯德基 POS Integrations,4.6/5,https://www.foodpanda.com.tw/chain/ct8ct/kfc-ken-de-ji-pos-integrations
100,pro桑串燒炭烤 (新莊店),4.6/5,https://www.foodpanda.com.tw/restaurant/b8bq/pro--1
101,桶牆鐵味滷味店,4.6/5,https://www.foodpanda.com.tw/restaurant/a3jv/tong-qiang-tie-wei-lu-wei-dian
102,上紅臭臭鍋 (板橋四維店),4.6/5,https://www.foodpanda.com.tw/restaurant/e0gs/shang-hong-chou-chou-guo-ban-qiao-si-wei-dian
103,食指大動鹹水雞,4.6/5,https://www.foodpanda.com.tw/restaurant/y3uo/shi-zhi-da-dong-xian-shui-ji-xin-bei-xin-zhuang-dian
104,滷bar,4.6/5,https://www.foodpanda.com.tw/restaurant/b3uw/lu-bar
105,兮有泰國烤魚,4.6/5,https://www.foodpanda.com.tw/restaurant/e2pn/xi-you-tai-guo-kao-yu
106,川霸子 (新莊四維店),4.6/5,https://www.foodpanda.com.tw/restaurant/e0ta/chuan-ba-zi-xin-zhuang-si-wei-dian
107,龜山島生猛海鮮熱炒100,4.6/5,https://www.foodpanda.com.tw/restaurant/e9lm/-100
108,二十一食堂-花生堂,4.6/5,https://www.foodpanda.com.tw/restaurant/e5nb/er-shi-yi-shi-tang-hua-sheng-tang
109,廟口臭豆腐,4.6/5,https://www.foodpanda.com.tw/restaurant/a1ko/miao-kou-chou-dou-fu
110,幸福滋味廚房,4.6/5,https://www.foodpanda.com.tw/restaurant/z1wn/xing-fu-zi-wei-chu-fang
111,驚悸奇雞四維店-雞排炸雞賞味坊,4.6/5,https://www.foodpanda.com.tw/restaurant/d2rr/jing-ji-qi-ji-si-wei-dian-ji-pai-zha-ji-shang-wei-fang
112,饗初燒滷味,4.6/5,https://www.foodpanda.com.tw/restaurant/e2ub/xiang-chu-shao-lu-wei
113,金讚平價熱炒,4.6/5,https://www.foodpanda.com.tw/restaurant/x9in/jin-zan-ping-jia-re-chao
114,福壽小吃肉圓,4.6/5,https://www.foodpanda.com.tw/restaurant/z8cp/fu-shou-xiao-chi-rou-yuan
115,晶口福串燒,4.6/5,https://www.foodpanda.com.tw/restaurant/b4tv/jing-kou-fu-chuan-shao
116,手工尤小籠包,4.6/5,https://www.foodpanda.com.tw/restaurant/z1fl/shou-gong-you-xiao-long-bao
117,婦產科滷味,4.6/5,https://www.foodpanda.com.tw/chain/cx0mv/fu-chan-ke-lu-wei
118,祥記客家純糖麻糬 (新北新莊店),4.6/5,https://www.foodpanda.com.tw/restaurant/d9uv/xiang-ji-ke-jia-chun-tang-ma-xin-bei-xin-zhuang-dian
119,赤野居酒屋(丼飯)專賣店 (新北板橋店),4.6/5,https://www.foodpanda.com.tw/restaurant/d5xy/chi-ye-ju-jiu-wu-jing-fan-zhuan-mai-dian-xin-bei-ban-qiao-dian
120,流氓雞排 (新莊福壽店),4.6/5,https://www.foodpanda.com.tw/restaurant/b0wy/liu-mang-ji-pai-xin-zhuang-wu-quan-dian
121,阿木土庫當歸鴨 (新北裕民店),4.6/5,https://www.foodpanda.com.tw/restaurant/e9tg/a-mu-tu-ku-dang-gui-ya-xin-bei-yu-min-dian
122,小李海產快炒店,4.6/5,https://www.foodpanda.com.tw/restaurant/b3th/xiao-li-hai-chan-kuai-chao-dian
123,口?品麻辣臭豆腐 (新北新莊分店),4.6/5,https://www.foodpanda.com.tw/restaurant/a6vq/kou-xuan-pin-ma-la-chou-dou-fu-xin-bei-xin-zhuang-fen-dian
124,龍恩焢肉飯,4.6/5,https://www.foodpanda.com.tw/chain/cs7pq/long-en-hong-rou-fan
125,龍鹽酥雞,4.6/5,https://www.foodpanda.com.tw/chain/cj2nz/long-yan-su-ji
126,酒棲串燒,4.6/5,https://www.foodpanda.com.tw/restaurant/y7zj/jiu-qi-chuan-shao
127,大嚐津泡菜燒肉,4.6/5,https://www.foodpanda.com.tw/restaurant/a2qc/da-chang-jin-pao-cai-shao-rou
128,開源社香雞排,4.6/5,https://www.foodpanda.com.tw/chain/cg2qc/kai-yuan-she-xiang-ji-pai
129,好好吃滷味東山鴨頭,4.6/5,https://www.foodpanda.com.tw/restaurant/f2ia/f2ia
130,吮指王 (板橋四維店),4.6/5,https://www.foodpanda.com.tw/restaurant/y3gp/shun-zhi-wang-ban-qiao-si-wei-dian
131,小心上癮鹹水雞 (泰山明志店),4.6/5,https://www.foodpanda.com.tw/restaurant/d8jj/xiao-xin-shang-yin-xian-shui-ji-tai-shan-ming-zhi-dian
132,郭家炸蛋蔥油餅 (新莊福壽店),4.6/5,https://www.foodpanda.com.tw/restaurant/d1en/guo-jia-zha-dan-cong-you-bing-xin-zhuang-fu-shou-dian
133,八雲町???鍋 (日式料理),4.6/5,https://www.foodpanda.com.tw/restaurant/d5vp/ba-yun-ting-huo-guo-ri-shi-liao-li
134,冰糖茶店,4.6/5,https://www.foodpanda.com.tw/restaurant/a0vf/bing-tang-cha-dian
135,永和豆漿 (新北新莊店),4.6/5,https://www.foodpanda.com.tw/restaurant/b0ht/yong-he-dou-jiang
136,小鄭燒烤,4.6/5,https://www.foodpanda.com.tw/restaurant/b7xu/xiao-zheng-shao-kao
137,御品炸雞粉圓專賣店,4.6/5,https://www.foodpanda.com.tw/restaurant/y5ox/yu-pin-zha-ji-fen-yuan-zhuan-mai-dian
138,楊記東山鴨頭(南雅夜市店),4.5/5,https://www.foodpanda.com.tw/restaurant/z7ww/yang-ji-dong-shan-ya-tou-nan-ya-ye-shi-dian
139,辣不辣有你 燙撈,4.5/5,https://www.foodpanda.com.tw/chain/cg6jv/la-bu-la-you-ni-tang-lao
140,超大香雞排,4.5/5,https://www.foodpanda.com.tw/restaurant/a7kr/chao-da-xiang-ji-pai-vendor
141,Sipping Cafe Bistro 啜飲餐酒館,4.5/5,https://www.foodpanda.com.tw/restaurant/z6lh/sipping-cafe-bistro-
142,G拔拔香脆雞排 (板橋店),4.5/5,https://www.foodpanda.com.tw/restaurant/a5wb/g--4
143,呆頭鵝 鵝肉麵,4.5/5,https://www.foodpanda.com.tw/restaurant/e2gj/ai-tou-e-e-rou-mian
144,夯滷地加熱滷味,4.5/5,https://www.foodpanda.com.tw/restaurant/e3tj/hang-lu-di-jia-re-lu-wei
145,金光串燒,4.5/5,https://www.foodpanda.com.tw/restaurant/a5zw/jin-guang-chuan-shao
146,蓁加熱滷味,4.5/5,https://www.foodpanda.com.tw/restaurant/b9yk/zhen-jia-re-lu-wei
147,桔桔鍋複合式餐飲,4.5/5,https://www.foodpanda.com.tw/restaurant/z8ku/jie-jie-guo-fu-he-shi-can-yin
148,金吉利牛肉麵,4.5/5,https://www.foodpanda.com.tw/restaurant/b2cm/jin-ji-li-niu-rou-mian
149,饗味鹹酥雞 (新莊中信店),4.5/5,https://www.foodpanda.com.tw/restaurant/b7ac/xiang-wei-xian-su-ji-xin-zhuang-zhong-xin-dian
150,建誼滷味 (新莊中港店),4.5/5,https://www.foodpanda.com.tw/restaurant/d1ki/jian-yi-lu-wei-xin-zhuang-zhong-gang-dian
151,食八辣 (板橋店),4.5/5,https://www.foodpanda.com.tw/restaurant/y4gv/shi-ba-la-ban-qiao-dian
152,雞霸香雞排,4.5/5,https://www.foodpanda.com.tw/restaurant/y0dv/ji-ba-xiang-ji-pai
153,上大雞會專業桶子雞,4.5/5,https://www.foodpanda.com.tw/restaurant/b4rb/shang-da-ji-hui-zhuan-ye-tong-zi-ji
154,阿胖炒飯,4.5/5,https://www.foodpanda.com.tw/restaurant/z4vq/a-pang-chao-fan
155,食八辣鴛鴦滷味,4.5/5,https://www.foodpanda.com.tw/chain/ct3yw/shi-ba-la-yuan-yang-lu-wei
156,金餃銀羹,4.5/5,https://www.foodpanda.com.tw/restaurant/d9ns/jin-jiao-yin-geng
157,余記東山鴨頭,4.5/5,https://www.foodpanda.com.tw/chain/cp6nz/yu-ji-dong-shan-ya-tou
158,三媽臭臭鍋 (新莊後港店),4.5/5,https://www.foodpanda.com.tw/restaurant/z7bm/san-ma-chou-chou-guo-xin-zhuang-hou-gang-dian
159,雞地台鹽酥雞,4.5/5,https://www.foodpanda.com.tw/restaurant/e1ld/218
160,錢都日式涮涮鍋 (新北板橋店),4.5/5,https://www.foodpanda.com.tw/restaurant/d6bk/qian-du-ri-shi-shuan-shuan-guo-xin-bei-ban-qiao-dian
161,口?品,4.5/5,https://www.foodpanda.com.tw/chain/cz6sn/kou-xuan-pin
162,崧匠燒鳥屋台 (新北板橋店),4.5/5,https://www.foodpanda.com.tw/restaurant/a9bb/song-jiang-shao-niao-wu-tai-xin-bei-ban-qiao-dian
163,林記香菇赤肉羹 (新莊武廟店),4.5/5,https://www.foodpanda.com.tw/restaurant/b5qk/lin-ji-xiang-gu-chi-rou-geng-xin-zhuang-wu-miao-dian
164,建誼滷味 (新莊福壽店),4.5/5,https://www.foodpanda.com.tw/restaurant/d6nb/jian-yi-lu-wei-xin-zhuang-fu-shou-dian
165,coco香雞排,4.5/5,https://www.foodpanda.com.tw/restaurant/e6yj/cocoxiang-ji-pai
166,百鮮城生猛活海鮮,4.5/5,https://www.foodpanda.com.tw/restaurant/b7ro/bai-xian-cheng-sheng-meng-huo-hai-xian
167,魔法雞排 (泰山明志店),4.5/5,https://www.foodpanda.com.tw/restaurant/d2ie/mo-fa-ji-pai-tai-shan-ming-zhi-dian
168,飛驒章魚燒,4.5/5,https://www.foodpanda.com.tw/restaurant/f0hh/f0hh
169,井串燒,4.5/5,https://www.foodpanda.com.tw/restaurant/y9hi/jing-chuan-shao
170,玉媽鍋 (新莊新泰店),4.5/5,https://www.foodpanda.com.tw/restaurant/e5cb/yu-ma-guo-xin-zhuang-xin-tai-dian
171,桶一天下,4.5/5,https://www.foodpanda.com.tw/chain/cj3yj/tong-yi-tian-xia
172,文湯武醬,4.5/5,https://www.foodpanda.com.tw/chain/ci8iw/wen-tang-wu-jiang
173,雞窩鹽酥雞,4.5/5,https://www.foodpanda.com.tw/restaurant/d6kt/ji-wo-yan-su-ji
174,藍鍋燒麵,4.5/5,https://www.foodpanda.com.tw/restaurant/a5at/lan-guo-shao-mian
175,大吃小算,4.5/5,https://www.foodpanda.com.tw/restaurant/b9rs/da-chi-xiao-suan
176,川督極品麻辣臭豆腐,4.5/5,https://www.foodpanda.com.tw/restaurant/a7cz/chuan-du-ji-pin-ma-la-chou-dou-fu
177,上紅小火鍋 (新莊店),4.5/5,https://www.foodpanda.com.tw/restaurant/d3kz/shang-hong-xiao-huo-guo-xin-bei-xin-zhuang-dian
178,南雅牛肉麵,4.5/5,https://www.foodpanda.com.tw/restaurant/z9hi/-24h
179,微笑碳烤 (新北泰山店),4.5/5,https://www.foodpanda.com.tw/restaurant/a6wd/wei-xiao-tan-kao-xin-bei-tai-shan-dian
180,蒜翻天 (新莊民安店),4.5/5,https://www.foodpanda.com.tw/restaurant/y0sx/suan-fan-tian-xin-zhuang-min-an-dian
181,焗之家專賣店,4.5/5,https://www.foodpanda.com.tw/restaurant/b7oh/ju-zhi-jia-zhuan-mai-dian
182,北海道炙燒拉麵,4.5/5,https://www.foodpanda.com.tw/chain/ch1ke/bei-hai-dao-zhi-shao-la-mian
183,店長鴨血,4.5/5,https://www.foodpanda.com.tw/chain/ci8bj/dian-chang-ya-xie
184,阿嬤食堂,4.5/5,https://www.foodpanda.com.tw/restaurant/e2wt/a-ma-shi-tang
185,Cheers拼盤 義大利麵 炸物,4.4/5,https://www.foodpanda.com.tw/restaurant/e2yj/cheers-1
186,燒鮮炒百元熱炒,4.4/5,https://www.foodpanda.com.tw/restaurant/b8cx/shao-xian-chao-bai-yuan-re-chao
187,MY滷威-My way,4.4/5,https://www.foodpanda.com.tw/restaurant/e2xv/mylu-wei-my-way
188,真好吃麻辣鹹水雞,4.4/5,https://www.foodpanda.com.tw/restaurant/y8jq/zhen-hao-chi-ma-la-xian-shui-ji
189,新銳咖啡,4.4/5,https://www.foodpanda.com.tw/chain/ci2sr/xin-rui-ka-pei
190,御牛亭-和牛滷肉飯 (板橋漢生店),4.4/5,https://www.foodpanda.com.tw/restaurant/a8un/yu-niu-ting-he-niu-lu-rou-fan-ban-qiao-han-sheng-dian
191,Gogo肉炸物店,4.4/5,https://www.foodpanda.com.tw/restaurant/d8gx/gogorou-zha-wu-dian
192,食來也炭烤桶仔雞,4.4/5,https://www.foodpanda.com.tw/restaurant/a5vg/shi-lai-ye-tan-kao-tong-zi-ji
193,派克脆皮雞排,4.4/5,https://www.foodpanda.com.tw/chain/ce9bw/pai-ke-cui-pi-ji-pai
194,食神滷味 (板橋莒光店),4.4/5,https://www.foodpanda.com.tw/restaurant/y5cu/shi-shen-lu-wei-ban-qiao-ju-guang-dian
195,炸香香鹹酥雞＆超大杯,4.4/5,https://www.foodpanda.com.tw/restaurant/f3wz/f3wz
196,滷味阿伯,4.4/5,https://www.foodpanda.com.tw/restaurant/d8ks/lu-wei-a-bo
197,萬華莊家班麻油雞 (新北新莊58店),4.4/5,https://www.foodpanda.com.tw/restaurant/a5od/-58-
198,小蠻牛牛排 (新北北新莊店),4.4/5,https://www.foodpanda.com.tw/restaurant/b4gi/xiao-man-niu-niu-pai-xin-bei-bei-xin-zhuang-dian
199,初原麵場 (新板特區店),4.4/5,https://www.foodpanda.com.tw/restaurant/b3pz/chu-yuan-mian-chang-xin-ban-te-qu-dian
200,大嚐津專業燒烤,4.4/5,https://www.foodpanda.com.tw/restaurant/z8za/da-chang-jin-zhuan-ye-shao-kao
201,雞房重地脆皮鹽水雞 (新莊輔大店),4.4/5,https://www.foodpanda.com.tw/restaurant/z8qu/ji-fang-zhong-di-cui-pi-yan-shui-ji-xin-zhuang-fu-da-dian
202,紅燈籠滷味,4.4/5,https://www.foodpanda.com.tw/restaurant/a8dm/hong-deng-long-lu-wei
203,洪家回春堂鹽酥雞,4.4/5,https://www.foodpanda.com.tw/chain/cc2vc/hong-jia-hui-chun-tang-yan-su-ji
204,狂炸香雞排,4.4/5,https://www.foodpanda.com.tw/restaurant/z0kz/kuang-zha-xiang-ji-pai
205,津燙錢麻辣燙,4.4/5,https://www.foodpanda.com.tw/restaurant/e6pc/521
206,炸老大 (新莊店),4.3/5,https://www.foodpanda.com.tw/restaurant/y5tz/zha-lao-da-xin-zhuang-dian
207,滿大人肉舖,4.3/5,https://www.foodpanda.com.tw/chain/ch1ti/man-da-ren-rou-pu
208,晶品豆乳雞 (新莊四維店),4.3/5,https://www.foodpanda.com.tw/restaurant/y7gq/jing-pin-dou-ru-ji-xin-zhuang-si-wei-dian
209,Juice ice冰品飲料吧,4.3/5,https://www.foodpanda.com.tw/restaurant/d0pi/juice-ice-
210,不吃不可鹹水雞,4.3/5,https://www.foodpanda.com.tw/chain/cw2ib/bu-chi-bu-ke-xian-shui-ji
211,雞加酒餐酒坊,4.3/5,https://www.foodpanda.com.tw/restaurant/y3mu/ji-jia-jiu-can-jiu-fang
212,鼎豐冰品店,4.3/5,https://www.foodpanda.com.tw/restaurant/z8dp/ding-feng-tian-pin
213,Full House 異國風味鍋,4.3/5,https://www.foodpanda.com.tw/restaurant/x4oo/full-house-
214,阿呈肉羹,4.3/5,https://www.foodpanda.com.tw/restaurant/f9er/768
215,來碗辣炒麻辣滷味,4.3/5,https://www.foodpanda.com.tw/restaurant/y9mm/lai-wan-la-chao-ma-la-lu-wei
216,水上鮮美食樓,4.3/5,https://www.foodpanda.com.tw/restaurant/d6xg/shui-shang-xian-mei-shi-lou
217,蒜翻天,4.3/5,https://www.foodpanda.com.tw/chain/cw6tx/suan-fan-tian
218,西盛號漁人料理,4.3/5,https://www.foodpanda.com.tw/restaurant/b6iy/xi-sheng-hao-yu-ren-liao-li
219,稻香冰店,4.3/5,https://www.foodpanda.com.tw/restaurant/d9wi/dao-xiang-bing-dian
220,台灣小吃,4.3/5,https://www.foodpanda.com.tw/restaurant/e6kc/tai-wan-xiao-chi-vendor
221,粽元帥MARSHAL OF ZONGZI,4.3/5,https://www.foodpanda.com.tw/restaurant/e3kv/marshal-of-zongzi
222,東區麻辣鴨血、臭豆腐,4.3/5,https://www.foodpanda.com.tw/restaurant/b0ue/dong-qu-ma-la-ya-xie-chou-dou-fu
223,老唐台式泡芙,4.3/5,https://www.foodpanda.com.tw/restaurant/y0ur/lao-tang-tai-shi-pao-fu
224,御仙雞湯館,4.2/5,https://www.foodpanda.com.tw/chain/ch0pc/yu-xian-ji-tang-guan
225,天愛豆乳雞,4.2/5,https://www.foodpanda.com.tw/restaurant/a7zi/tian-ai-dou-ru-ji
226,大埔鐵板燒,4.2/5,https://www.foodpanda.com.tw/chain/cn0tz/da-bu-tie-ban-shao
227,10元串烤,4.2/5,https://www.foodpanda.com.tw/restaurant/e9hz/10--1
228,正好吃龍鹹酥雞 (四維店),4.2/5,https://www.foodpanda.com.tw/restaurant/a6hx/--636
229,松村美味壽司,4.2/5,https://www.foodpanda.com.tw/restaurant/e7aw/song-cun-mei-wei-shou-si
230,酷蝦 Oku Cafe,4.2/5,https://www.foodpanda.com.tw/restaurant/y4er/oku-cafe
231,葉記串串香,3.4/5,https://www.foodpanda.com.tw/restaurant/f1jv/f1jv
232,窺雞福來得 Crazy Friday 台灣鹽酥雞,4.1/5,https://www.foodpanda.com.tw/restaurant/e7bg/kui-ji-fu-lai-de-crazy-friday-tai-wan-yan-su-ji
233,蚵嗲古早味小吃,4.1/5,https://www.foodpanda.com.tw/restaurant/b4wn/he-dia-gu-zao-wei-xiao-chi
234,真味烤玉米,4.1/5,https://www.foodpanda.com.tw/restaurant/e4so/--664
235,辣四方湯滷味,4月5日,https://www.foodpanda.com.tw/restaurant/f5hd/f5hd
236,頂好香滷味 (板橋宏國店),4月5日,https://www.foodpanda.com.tw/restaurant/e0ah/ding-hao-xiang-lu-wei-ban-qiao-hong-guo-dian
237,AI健康養生會館,3.8/5,https://www.foodpanda.com.tw/restaurant/b4rd/ai-
238,谷陽涴火鍋店,3.8/5,https://www.foodpanda.com.tw/restaurant/a2oi/gu-yang-wo-huo-guo-dian
239,林原滷味,3月5日,https://www.foodpanda.com.tw/chain/cy8hx/lin-yuan-lu-wei
240,東華川府重慶老火鍋,2.5/5,https://www.foodpanda.com.tw/restaurant/a6hb/dong-hua-chuan-fu-zhong-qing-lao-huo-guo
241,大眾滷味藥燉排骨,2.5/5,https://www.foodpanda.com.tw/restaurant/f0xi/f0xi
242,耍炸日式海陸炸物,4.8/5,https://www.foodpanda.com.tw/chain/cl7ly/shua-zha-ri-shi-hai-lu-zha-wu
243,小米手工蔥油餅,4.8/5,https://www.foodpanda.com.tw/restaurant/g4bf/g4bf
244,品香滷味 (板橋南雅店),4.8/5,https://www.foodpanda.com.tw/restaurant/f9py/f9py
245,姜家麻油雞,4.8/5,https://www.foodpanda.com.tw/restaurant/g7lb/g7lb
246,聞味香滷味東山鴨頭,4.8/5,https://www.foodpanda.com.tw/restaurant/f9jk/f9jk
247,清心福全 (新莊中港店),4.8/5,https://www.foodpanda.com.tw/restaurant/d4jy/qing-xin-fu-quan-xin-zhuang-zhong-gang-dian
248,清心福全 (板橋館前店),4.8/5,https://www.foodpanda.com.tw/restaurant/d3fo/qing-xin-fu-quan-ban-qiao-guan-qian-dian
249,COMEBUY,4.8/5,https://www.foodpanda.com.tw/chain/cx7dy/comebuy
250,清心福全 (板橋南雅南店),4.8/5,https://www.foodpanda.com.tw/restaurant/z0he/qing-xin-fu-quan-ban-qiao-nan-ya-nan-dian
251,I FRESH鮮果茶 (新北新莊輔大店),4.8/5,https://www.foodpanda.com.tw/restaurant/a7gk/i-fresh-
252,老賴茶棧 (板橋裕民店),4.8/5,https://www.foodpanda.com.tw/restaurant/a3wp/1573721385-lao-lai-cha-zhan-ban-qiao-yu-min-dian
253,清心福全,4.8/5,https://www.foodpanda.com.tw/chain/cw6az/qing-xin-fu-quan
254,清心福全 (板橋龍興店),4.7/5,https://www.foodpanda.com.tw/restaurant/y9uy/qing-xin-fu-quan-ban-qiao-long-xing-dian
255,清心福全 (新莊雙鳳店),4.7/5,https://www.foodpanda.com.tw/restaurant/a4hj/qing-xin-fu-quan-xin-zhuang-shuang-feng-dian
256,清心福全 (新莊富國店),4.7/5,https://www.foodpanda.com.tw/restaurant/y2ch/qing-xin-fu-quan-xin-zhuang-fu-guo-dian
257,老賴茶棧,4.7/5,https://www.foodpanda.com.tw/chain/cv9jk/lao-lai-cha-zhan
258,烏弄,4.7/5,https://www.foodpanda.com.tw/chain/cb7ux/wu-nong
259,糖玄宗黑糖鮮飲 (新莊四維店),4.7/5,https://www.foodpanda.com.tw/restaurant/a2mi/tang-xuan-zong-hei-tang-xian-yin-xin-zhuang-si-wei-dian
260,板橋自己來紅茶鮮乳 (板橋湳雅店),4.7/5,https://www.foodpanda.com.tw/restaurant/b5ue/ban-qiao-zi-ji-lai-hong-cha-xian-ru-ban-qiao-nan-ya-dian-account-status
261,心福,4.6/5,https://www.foodpanda.com.tw/chain/cf9kx/xin-fu
262,東海岸茶飲,4.6/5,https://www.foodpanda.com.tw/restaurant/a4sv/dong-hai-an-cha-yin
263,Qme黑糖珍珠,4.6/5,https://www.foodpanda.com.tw/restaurant/a4yq/qme
264,I FRESH鮮果茶 (板橋文化店),4.4/5,https://www.foodpanda.com.tw/restaurant/a2bp/i-fresh-3
265,茶朵木,,https://www.foodpanda.com.tw/chain/cr7rq/cha-duo-mu
266,新茶會,,https://www.foodpanda.com.tw/restaurant/a1yl/xin-cha-hui
267,李記紅茶冰,,https://www.foodpanda.com.tw/chain/cf9qy/li-ji-hong-cha-bing
268,老牛Miss U黑糖飲品(新莊四維店),,https://www.foodpanda.com.tw/restaurant/d1cr/lao-niu-dou-hua-nen-xian-cao-xin-zhuang-si-wei-dian
269,自己來紅茶鮮乳 (樹林中正店),,https://www.foodpanda.com.tw/restaurant/a0rq/zi-ji-lai-hong-cha-xian-ru-shu-lin-zhong-zheng-dian
